time,x,y,z
2016-04-22 13:18:52.585,-0.421875,-0.84375,-0.078125
2016-04-22 13:18:52.595,-0.40625,-0.890625,-0.03125
2016-04-22 13:18:52.605,-0.40625,-0.9375,-0.015625
2016-04-22 13:18:52.616,-0.40625,-0.96875,-0.015625
2016-04-22 13:18:52.626,-0.390625,-0.984375,-0.03125
2016-04-22 13:18:52.636,-0.390625,-0.984375,-0.03125
2016-04-22 13:18:52.646,-0.40625,-0.984375,-0.03125
2016-04-22 13:18:52.657,-0.421875,-0.96875,0.0
2016-04-22 13:18:52.667,-0.4375,-0.953125,0.015625
2016-04-22 13:18:52.677,-0.453125,-0.9375,0.0625
2016-04-22 13:18:52.687,-0.453125,-0.953125,0.09375
2016-04-22 13:18:52.698,-0.453125,-0.9375,0.109375
2016-04-22 13:18:52.708,-0.4375,-0.921875,0.125
2016-04-22 13:18:52.718,-0.4375,-0.90625,0.125
2016-04-22 13:18:52.728,-0.453125,-0.921875,0.15625
2016-04-22 13:18:52.738,-0.453125,-0.921875,0.171875
2016-04-22 13:18:52.749,-0.46875,-0.921875,0.203125
2016-04-22 13:18:52.759,-0.484375,-0.9375,0.234375
2016-04-22 13:18:52.769,-0.484375,-0.953125,0.265625
2016-04-22 13:18:52.779,-0.46875,-0.96875,0.296875
2016-04-22 13:18:52.790,-0.453125,-0.984375,0.328125
2016-04-22 13:18:52.800,-0.4375,-1.046875,0.359375
2016-04-22 13:18:52.810,-0.4375,-1.15625,0.390625
2016-04-22 13:18:52.820,-0.421875,-1.28125,0.421875
2016-04-22 13:18:52.831,-0.40625,-1.390625,0.421875
2016-04-22 13:18:52.841,-0.359375,-1.46875,0.375
2016-04-22 13:18:52.851,-0.296875,-1.484375,0.265625
2016-04-22 13:18:52.861,-0.21875,-1.390625,0.171875
2016-04-22 13:18:52.872,-0.21875,-1.25,0.109375
2016-04-22 13:18:52.882,-0.21875,-1.109375,0.078125
2016-04-22 13:18:52.892,-0.21875,-0.984375,0.078125
2016-04-22 13:18:52.902,-0.21875,-0.921875,0.09375
2016-04-22 13:18:52.913,-0.21875,-0.875,0.109375
2016-04-22 13:18:52.923,-0.1875,-0.859375,0.09375
2016-04-22 13:18:52.933,-0.140625,-0.859375,0.078125
2016-04-22 13:18:52.944,-0.109375,-0.84375,0.046875
2016-04-22 13:18:52.954,-0.140625,-0.859375,0.03125
2016-04-22 13:18:52.964,-0.140625,-0.875,0.015625
2016-04-22 13:18:52.974,-0.171875,-0.9375,0.03125
2016-04-22 13:18:52.985,-0.21875,-1.0,0.0625
2016-04-22 13:18:52.995,-0.21875,-1.0625,0.125
2016-04-22 13:18:53.005,-0.171875,-1.109375,0.15625
2016-04-22 13:18:53.015,-0.1875,-1.09375,0.171875
2016-04-22 13:18:53.026,-0.234375,-1.078125,0.125
2016-04-22 13:18:53.036,-0.265625,-1.109375,0.078125
2016-04-22 13:18:53.046,-0.3125,-1.125,0.0
2016-04-22 13:18:53.056,-0.359375,-1.125,-0.046875
2016-04-22 13:18:53.067,-0.359375,-1.140625,-0.09375
2016-04-22 13:18:53.077,-0.359375,-1.171875,-0.125
2016-04-22 13:18:53.087,-0.34375,-1.1875,-0.15625
2016-04-22 13:18:53.097,-0.296875,-1.21875,-0.171875
2016-04-22 13:18:53.108,-0.265625,-1.234375,-0.15625
2016-04-22 13:18:53.118,-0.25,-1.234375,-0.1875
2016-04-22 13:18:53.128,-0.21875,-1.234375,-0.203125
2016-04-22 13:18:53.138,-0.1875,-1.21875,-0.203125
2016-04-22 13:18:53.149,-0.125,-1.21875,-0.203125
2016-04-22 13:18:53.159,-0.0625,-1.21875,-0.1875
2016-04-22 13:18:53.169,-0.015625,-1.1875,-0.171875
2016-04-22 13:18:53.179,0.0,-1.125,-0.171875
2016-04-22 13:18:53.189,0.0,-1.046875,-0.171875
2016-04-22 13:18:53.200,-0.03125,-1.015625,-0.15625
2016-04-22 13:18:53.210,-0.078125,-1.0,-0.125
2016-04-22 13:18:53.220,-0.09375,-0.96875,-0.125
2016-04-22 13:18:53.230,-0.140625,-0.9375,-0.125
2016-04-22 13:18:53.241,-0.15625,-0.921875,-0.125
2016-04-22 13:18:53.251,-0.1875,-0.90625,-0.140625
2016-04-22 13:18:53.261,-0.21875,-0.921875,-0.15625
2016-04-22 13:18:53.271,-0.265625,-0.9375,-0.171875
2016-04-22 13:18:53.282,-0.328125,-0.96875,-0.15625
2016-04-22 13:18:53.292,-0.375,-1.046875,-0.125
2016-04-22 13:18:53.302,-0.359375,-1.09375,-0.09375
2016-04-22 13:18:53.312,-0.390625,-1.125,-0.03125
2016-04-22 13:18:53.323,-0.34375,-1.09375,0.109375
2016-04-22 13:18:53.333,-0.046875,-1.234375,0.21875
2016-04-22 13:18:53.343,-0.015625,-1.21875,0.234375
2016-04-22 13:18:53.354,-0.046875,-1.203125,0.15625
2016-04-22 13:18:53.364,-0.140625,-1.140625,0.03125
2016-04-22 13:18:53.374,-0.1875,-1.09375,-0.09375
2016-04-22 13:18:53.384,-0.21875,-1.046875,-0.203125
2016-04-22 13:18:53.395,-0.25,-1.046875,-0.25
2016-04-22 13:18:53.405,-0.3125,-1.046875,-0.265625
2016-04-22 13:18:53.415,-0.375,-1.0625,-0.234375
2016-04-22 13:18:53.425,-0.65625,-1.046875,-0.1875
2016-04-22 13:18:53.436,-0.625,-1.015625,-0.15625
2016-04-22 13:18:53.446,-0.390625,-1.046875,-0.109375
2016-04-22 13:18:53.456,-0.390625,-1.0,-0.09375
2016-04-22 13:18:53.466,-0.46875,-0.953125,-0.0625
2016-04-22 13:18:53.477,-0.46875,-0.921875,-0.046875
2016-04-22 13:18:53.487,-0.453125,-0.90625,-0.046875
2016-04-22 13:18:53.497,-0.453125,-0.921875,-0.046875
2016-04-22 13:18:53.507,-0.453125,-0.90625,-0.046875
2016-04-22 13:18:53.518,-0.4375,-0.875,-0.078125
2016-04-22 13:18:53.528,-0.390625,-0.875,-0.09375
2016-04-22 13:18:53.538,-0.359375,-0.890625,-0.109375
2016-04-22 13:18:53.548,-0.34375,-0.921875,-0.109375
2016-04-22 13:18:53.559,-0.328125,-0.984375,-0.109375
2016-04-22 13:18:53.569,-0.296875,-1.03125,-0.125
2016-04-22 13:18:53.579,-0.296875,-1.078125,-0.125
2016-04-22 13:18:53.589,-0.296875,-1.125,-0.140625
2016-04-22 13:18:53.599,-0.296875,-1.1875,-0.125
2016-04-22 13:18:53.610,-0.328125,-1.234375,-0.125
2016-04-22 13:18:53.620,-0.34375,-1.265625,-0.109375
2016-04-22 13:18:53.630,-0.359375,-1.28125,-0.09375
2016-04-22 13:18:53.640,-0.375,-1.28125,-0.0625
2016-04-22 13:18:53.650,-0.40625,-1.265625,-0.046875
2016-04-22 13:18:53.660,-0.421875,-1.21875,-0.046875
2016-04-22 13:18:53.671,-0.421875,-1.171875,-0.046875
2016-04-22 13:18:53.681,-0.40625,-1.125,-0.0625
2016-04-22 13:18:53.691,-0.390625,-1.09375,-0.046875
2016-04-22 13:18:53.701,-0.390625,-1.046875,-0.03125
2016-04-22 13:18:53.711,-0.390625,-1.015625,-0.015625
2016-04-22 13:18:53.722,-0.390625,-0.984375,0.015625
2016-04-22 13:18:53.732,-0.375,-0.96875,0.03125
2016-04-22 13:18:53.742,-0.34375,-0.953125,0.046875
2016-04-22 13:18:53.752,-0.3125,-0.9375,0.046875
2016-04-22 13:18:53.762,-0.28125,-0.9375,0.046875
2016-04-22 13:18:53.772,-0.28125,-0.9375,0.046875
2016-04-22 13:18:53.783,-0.265625,-0.953125,0.03125
2016-04-22 13:18:53.793,-0.265625,-0.96875,0.03125
2016-04-22 13:18:53.803,-0.265625,-0.984375,0.046875
2016-04-22 13:18:53.813,-0.25,-1.0,0.046875
2016-04-22 13:18:53.823,-0.234375,-1.015625,0.046875
2016-04-22 13:18:53.833,-0.234375,-1.015625,0.046875
2016-04-22 13:18:53.844,-0.203125,-1.015625,0.0625
2016-04-22 13:18:53.854,-0.203125,-1.03125,0.0625
2016-04-22 13:18:53.864,-0.1875,-1.015625,0.0625
2016-04-22 13:18:53.874,-0.1875,-1.015625,0.0625
2016-04-22 13:18:53.884,-0.1875,-1.0,0.0625
2016-04-22 13:18:53.894,-0.171875,-1.0,0.09375
2016-04-22 13:18:53.904,-0.171875,-1.0,0.09375
2016-04-22 13:18:53.915,-0.15625,-0.984375,0.125
2016-04-22 13:18:53.925,-0.15625,-0.96875,0.140625
2016-04-22 13:18:53.935,-0.15625,-0.953125,0.171875
2016-04-22 13:18:53.945,-0.15625,-0.921875,0.203125
2016-04-22 13:18:53.955,-0.15625,-0.90625,0.21875
2016-04-22 13:18:53.965,-0.15625,-0.90625,0.25
2016-04-22 13:18:53.976,-0.15625,-0.890625,0.265625
2016-04-22 13:18:53.986,-0.140625,-0.875,0.265625
2016-04-22 13:18:53.996,-0.125,-0.859375,0.25
2016-04-22 13:18:54.006,-0.125,-0.875,0.234375
2016-04-22 13:18:54.016,-0.109375,-0.875,0.203125
2016-04-22 13:18:54.027,-0.09375,-0.90625,0.171875
2016-04-22 13:18:54.037,-0.109375,-0.9375,0.15625
2016-04-22 13:18:54.047,-0.125,-0.96875,0.140625
2016-04-22 13:18:54.057,-0.125,-0.984375,0.140625
2016-04-22 13:18:54.067,-0.140625,-0.984375,0.140625
2016-04-22 13:18:54.077,-0.140625,-1.0,0.15625
2016-04-22 13:18:54.088,-0.15625,-1.0,0.171875
2016-04-22 13:18:54.098,-0.15625,-0.984375,0.203125
2016-04-22 13:18:54.108,-0.1875,-0.96875,0.234375
2016-04-22 13:18:54.118,-0.1875,-0.953125,0.25
2016-04-22 13:18:54.128,-0.1875,-0.9375,0.265625
2016-04-22 13:18:54.138,-0.171875,-0.9375,0.265625
2016-04-22 13:18:54.149,-0.171875,-0.921875,0.265625
2016-04-22 13:18:54.159,-0.171875,-0.921875,0.25
2016-04-22 13:18:54.169,-0.171875,-0.90625,0.234375
2016-04-22 13:18:54.179,-0.15625,-0.90625,0.234375
2016-04-22 13:18:54.189,-0.15625,-0.921875,0.21875
2016-04-22 13:18:54.199,-0.140625,-0.921875,0.1875
2016-04-22 13:18:54.209,-0.125,-0.921875,0.15625
2016-04-22 13:18:54.220,-0.125,-0.921875,0.15625
2016-04-22 13:18:54.230,-0.125,-0.9375,0.15625
2016-04-22 13:18:54.240,-0.140625,-0.9375,0.15625
2016-04-22 13:18:54.250,-0.15625,-0.953125,0.15625
2016-04-22 13:18:54.260,-0.171875,-0.96875,0.171875
2016-04-22 13:18:54.270,-0.171875,-0.96875,0.171875
2016-04-22 13:18:54.281,-0.171875,-0.96875,0.171875
2016-04-22 13:18:54.291,-0.171875,-0.953125,0.171875
2016-04-22 13:18:54.301,-0.171875,-0.9375,0.15625
2016-04-22 13:18:54.311,-0.1875,-0.9375,0.140625
2016-04-22 13:18:54.321,-0.1875,-0.9375,0.109375
2016-04-22 13:18:54.332,-0.203125,-0.921875,0.09375
2016-04-22 13:18:54.342,-0.203125,-0.9375,0.078125
2016-04-22 13:18:54.352,-0.21875,-0.953125,0.078125
2016-04-22 13:18:54.362,-0.21875,-0.953125,0.078125
2016-04-22 13:18:54.372,-0.234375,-0.96875,0.078125
2016-04-22 13:18:54.382,-0.25,-0.984375,0.09375
2016-04-22 13:18:54.393,-0.265625,-1.0,0.109375
2016-04-22 13:18:54.403,-0.265625,-1.0,0.125
2016-04-22 13:18:54.413,-0.28125,-1.015625,0.140625
2016-04-22 13:18:54.423,-0.296875,-1.015625,0.171875
2016-04-22 13:18:54.433,-0.28125,-1.015625,0.171875
2016-04-22 13:18:54.443,-0.28125,-1.015625,0.171875
2016-04-22 13:18:54.453,-0.28125,-1.015625,0.15625
2016-04-22 13:18:54.464,-0.28125,-1.015625,0.140625
2016-04-22 13:18:54.474,-0.28125,-1.015625,0.140625
2016-04-22 13:18:54.484,-0.28125,-1.015625,0.15625
2016-04-22 13:18:54.494,-0.28125,-1.03125,0.15625
2016-04-22 13:18:54.504,-0.28125,-1.046875,0.171875
2016-04-22 13:18:54.514,-0.265625,-1.046875,0.1875
2016-04-22 13:18:54.525,-0.265625,-1.046875,0.1875
2016-04-22 13:18:54.535,-0.265625,-1.03125,0.203125
2016-04-22 13:18:54.545,-0.25,-1.046875,0.203125
2016-04-22 13:18:54.555,-0.265625,-1.03125,0.1875
2016-04-22 13:18:54.565,-0.265625,-1.015625,0.1875
2016-04-22 13:18:54.576,-0.265625,-1.015625,0.1875
2016-04-22 13:18:54.586,-0.265625,-1.0,0.1875
2016-04-22 13:18:54.596,-0.265625,-1.0,0.1875
2016-04-22 13:18:54.606,-0.265625,-1.0,0.1875
2016-04-22 13:18:54.616,-0.28125,-1.0,0.1875
2016-04-22 13:18:54.626,-0.28125,-1.0,0.1875
2016-04-22 13:18:54.637,-0.265625,-1.0,0.1875
2016-04-22 13:18:54.647,-0.265625,-1.0,0.203125
2016-04-22 13:18:54.657,-0.265625,-0.984375,0.1875
2016-04-22 13:18:54.667,-0.28125,-0.984375,0.1875
2016-04-22 13:18:54.677,-0.28125,-0.984375,0.1875
2016-04-22 13:18:54.687,-0.28125,-1.0,0.1875
2016-04-22 13:18:54.697,-0.296875,-1.03125,0.203125
2016-04-22 13:18:54.708,-0.3125,-1.109375,0.21875
2016-04-22 13:18:54.718,-0.3125,-1.1875,0.234375
2016-04-22 13:18:54.728,-0.3125,-1.265625,0.25
2016-04-22 13:18:54.738,-0.3125,-1.3125,0.265625
2016-04-22 13:18:54.748,-0.296875,-1.328125,0.265625
2016-04-22 13:18:54.758,-0.28125,-1.28125,0.25
2016-04-22 13:18:54.769,-0.28125,-1.21875,0.203125
2016-04-22 13:18:54.779,-0.28125,-1.15625,0.15625
2016-04-22 13:18:54.789,-0.265625,-1.125,0.140625
2016-04-22 13:18:54.799,-0.265625,-1.078125,0.125
2016-04-22 13:18:54.809,-0.25,-1.03125,0.109375
2016-04-22 13:18:54.819,-0.234375,-1.015625,0.109375
2016-04-22 13:18:54.830,-0.21875,-1.0,0.09375
2016-04-22 13:18:54.840,-0.21875,-1.0,0.0625
2016-04-22 13:18:54.850,-0.1875,-0.984375,0.046875
2016-04-22 13:18:54.861,-0.1875,-0.984375,0.03125
2016-04-22 13:18:54.871,-0.171875,-1.0,0.015625
2016-04-22 13:18:54.881,-0.15625,-1.015625,-0.015625
2016-04-22 13:18:54.891,-0.171875,-1.03125,-0.015625
2016-04-22 13:18:54.902,-0.1875,-1.046875,-0.015625
2016-04-22 13:18:54.912,-0.21875,-1.0625,-0.015625
2016-04-22 13:18:54.922,-0.234375,-1.09375,-0.015625
2016-04-22 13:18:54.932,-0.25,-1.125,-0.03125
2016-04-22 13:18:54.943,-0.265625,-1.15625,-0.015625
2016-04-22 13:18:54.953,-0.28125,-1.171875,-0.03125
2016-04-22 13:18:54.963,-0.28125,-1.1875,-0.015625
2016-04-22 13:18:54.973,-0.28125,-1.171875,-0.015625
2016-04-22 13:18:54.984,-0.28125,-1.15625,-0.015625
2016-04-22 13:18:54.994,-0.296875,-1.140625,-0.046875
2016-04-22 13:18:55.004,-0.28125,-1.109375,-0.046875
2016-04-22 13:18:55.014,-0.296875,-1.09375,-0.046875
2016-04-22 13:18:55.025,-0.28125,-1.078125,-0.0625
2016-04-22 13:18:55.035,-0.28125,-1.0625,-0.078125
2016-04-22 13:18:55.045,-0.28125,-1.03125,-0.109375
2016-04-22 13:18:55.055,-0.265625,-1.015625,-0.125
2016-04-22 13:18:55.066,-0.265625,-1.015625,-0.125
2016-04-22 13:18:55.076,-0.265625,-1.015625,-0.125
2016-04-22 13:18:55.086,-0.265625,-1.015625,-0.140625
2016-04-22 13:18:55.096,-0.265625,-1.015625,-0.125
2016-04-22 13:18:55.106,-0.265625,-1.03125,-0.140625
2016-04-22 13:18:55.117,-0.25,-1.03125,-0.125
2016-04-22 13:18:55.127,-0.25,-1.03125,-0.125
2016-04-22 13:18:55.137,-0.234375,-1.015625,-0.125
2016-04-22 13:18:55.147,-0.234375,-1.015625,-0.125
2016-04-22 13:18:55.158,-0.21875,-1.015625,-0.125
2016-04-22 13:18:55.168,-0.21875,-1.015625,-0.109375
2016-04-22 13:18:55.178,-0.21875,-1.0,-0.109375
2016-04-22 13:18:55.188,-0.21875,-1.0,-0.109375
2016-04-22 13:18:55.199,-0.203125,-1.0,-0.109375
2016-04-22 13:18:55.209,-0.203125,-1.0,-0.109375
2016-04-22 13:18:55.219,-0.203125,-1.0,-0.125
2016-04-22 13:18:55.229,-0.21875,-1.0,-0.125
2016-04-22 13:18:55.240,-0.21875,-1.0,-0.125
2016-04-22 13:18:55.250,-0.21875,-1.015625,-0.125
2016-04-22 13:18:55.260,-0.21875,-1.03125,-0.125
2016-04-22 13:18:55.270,-0.21875,-1.046875,-0.109375
2016-04-22 13:18:55.281,-0.21875,-1.046875,-0.09375
2016-04-22 13:18:55.291,-0.21875,-1.046875,-0.078125
2016-04-22 13:18:55.301,-0.21875,-1.046875,-0.0625
2016-04-22 13:18:55.312,-0.21875,-1.03125,-0.03125
2016-04-22 13:18:55.322,-0.1875,-1.015625,-0.015625
2016-04-22 13:18:55.332,-0.1875,-1.0,0.0
2016-04-22 13:18:55.342,-0.171875,-1.0,0.0
2016-04-22 13:18:55.353,-0.171875,-0.984375,0.015625
2016-04-22 13:18:55.363,-0.171875,-0.96875,0.015625
2016-04-22 13:18:55.373,-0.171875,-0.953125,0.015625
2016-04-22 13:18:55.383,-0.171875,-0.9375,0.015625
2016-04-22 13:18:55.394,-0.171875,-0.9375,0.015625
2016-04-22 13:18:55.404,-0.171875,-0.9375,0.015625
2016-04-22 13:18:55.414,-0.171875,-0.953125,0.03125
2016-04-22 13:18:55.424,-0.171875,-0.953125,0.046875
2016-04-22 13:18:55.435,-0.1875,-0.96875,0.046875
2016-04-22 13:18:55.445,-0.1875,-0.96875,0.046875
2016-04-22 13:18:55.455,-0.203125,-0.984375,0.046875
2016-04-22 13:18:55.465,-0.203125,-1.0,0.046875
2016-04-22 13:18:55.475,-0.203125,-1.0,0.0625
2016-04-22 13:18:55.486,-0.21875,-1.015625,0.0625
2016-04-22 13:18:55.496,-0.21875,-1.03125,0.0625
2016-04-22 13:18:55.506,-0.21875,-1.046875,0.0625
2016-04-22 13:18:55.516,-0.21875,-1.078125,0.0625
2016-04-22 13:18:55.527,-0.21875,-1.078125,0.0625
2016-04-22 13:18:55.537,-0.203125,-1.09375,0.0625
2016-04-22 13:18:55.547,-0.21875,-1.109375,0.046875
2016-04-22 13:18:55.557,-0.203125,-1.125,0.046875
2016-04-22 13:18:55.568,-0.21875,-1.125,0.046875
2016-04-22 13:18:55.578,-0.21875,-1.109375,0.03125
2016-04-22 13:18:55.588,-0.21875,-1.109375,0.03125
2016-04-22 13:18:55.598,-0.21875,-1.125,0.015625
2016-04-22 13:18:55.609,-0.234375,-1.125,0.015625
2016-04-22 13:18:55.619,-0.234375,-1.125,0.015625
2016-04-22 13:18:55.629,-0.25,-1.125,0.0
2016-04-22 13:18:55.639,-0.25,-1.125,0.0
2016-04-22 13:18:55.650,-0.25,-1.125,0.0
2016-04-22 13:18:55.660,-0.25,-1.125,0.0
2016-04-22 13:18:55.670,-0.265625,-1.109375,0.0
2016-04-22 13:18:55.680,-0.265625,-1.09375,0.0
2016-04-22 13:18:55.691,-0.265625,-1.078125,0.0
2016-04-22 13:18:55.701,-0.28125,-1.0625,0.0
2016-04-22 13:18:55.711,-0.296875,-1.0625,0.015625
2016-04-22 13:18:55.722,-0.296875,-1.046875,0.015625
2016-04-22 13:18:55.732,-0.296875,-1.046875,0.015625
2016-04-22 13:18:55.742,-0.296875,-1.03125,0.015625
2016-04-22 13:18:55.752,-0.3125,-1.046875,0.015625
2016-04-22 13:18:55.763,-0.3125,-1.046875,0.015625
2016-04-22 13:18:55.773,-0.3125,-1.0625,0.03125
2016-04-22 13:18:55.783,-0.296875,-1.0625,0.03125
2016-04-22 13:18:55.793,-0.296875,-1.078125,0.03125
2016-04-22 13:18:55.804,-0.28125,-1.078125,0.03125
2016-04-22 13:18:55.814,-0.28125,-1.078125,0.03125
2016-04-22 13:18:55.824,-0.265625,-1.0625,0.015625
2016-04-22 13:18:55.834,-0.265625,-1.0625,0.015625
2016-04-22 13:18:55.845,-0.265625,-1.046875,0.015625
2016-04-22 13:18:55.855,-0.265625,-1.0625,0.03125
2016-04-22 13:18:55.865,-0.265625,-1.046875,0.03125
2016-04-22 13:18:55.875,-0.25,-1.046875,0.03125
2016-04-22 13:18:55.886,-0.25,-1.046875,0.03125
2016-04-22 13:18:55.896,-0.25,-1.046875,0.03125
2016-04-22 13:18:55.906,-0.25,-1.0625,0.03125
2016-04-22 13:18:55.916,-0.265625,-1.0625,0.03125
2016-04-22 13:18:55.927,-0.265625,-1.046875,0.03125
2016-04-22 13:18:55.937,-0.265625,-1.0625,0.03125
2016-04-22 13:18:55.947,-0.265625,-1.0625,0.03125
2016-04-22 13:18:55.957,-0.265625,-1.046875,0.03125
2016-04-22 13:18:55.967,-0.265625,-1.03125,0.015625
2016-04-22 13:18:55.978,-0.265625,-1.03125,0.015625
2016-04-22 13:18:55.988,-0.265625,-1.03125,0.015625
2016-04-22 13:18:55.998,-0.265625,-1.03125,0.015625
2016-04-22 13:18:56.008,-0.265625,-1.03125,0.015625
2016-04-22 13:18:56.019,-0.265625,-1.046875,0.015625
2016-04-22 13:18:56.029,-0.265625,-1.0625,0.015625
2016-04-22 13:18:56.039,-0.265625,-1.0625,0.015625
2016-04-22 13:18:56.049,-0.25,-1.0625,0.0
2016-04-22 13:18:56.060,-0.25,-1.09375,-0.015625
2016-04-22 13:18:56.070,-0.25,-1.125,0.0
2016-04-22 13:18:56.080,-0.25,-1.15625,-0.015625
2016-04-22 13:18:56.090,-0.25,-1.15625,0.0
2016-04-22 13:18:56.101,-0.234375,-1.140625,-0.015625
2016-04-22 13:18:56.111,-0.234375,-1.109375,-0.015625
2016-04-22 13:18:56.121,-0.21875,-1.09375,-0.03125
2016-04-22 13:18:56.131,-0.21875,-1.09375,-0.03125
2016-04-22 13:18:56.142,-0.234375,-1.078125,-0.015625
2016-04-22 13:18:56.152,-0.25,-1.0625,-0.03125
2016-04-22 13:18:56.162,-0.25,-1.03125,-0.015625
2016-04-22 13:18:56.173,-0.25,-1.015625,0.0
2016-04-22 13:18:56.183,-0.25,-1.0,0.0
2016-04-22 13:18:56.193,-0.25,-0.984375,0.0
2016-04-22 13:18:56.203,-0.25,-0.984375,0.015625
2016-04-22 13:18:56.214,-0.25,-0.984375,0.015625
2016-04-22 13:18:56.224,-0.25,-0.96875,0.015625
2016-04-22 13:18:56.234,-0.25,-0.953125,0.015625
2016-04-22 13:18:56.244,-0.25,-0.953125,0.0
2016-04-22 13:18:56.255,-0.25,-0.9375,0.015625
2016-04-22 13:18:56.265,-0.25,-0.953125,0.015625
2016-04-22 13:18:56.275,-0.234375,-0.96875,0.03125
2016-04-22 13:18:56.285,-0.21875,-0.984375,0.046875
2016-04-22 13:18:56.296,-0.21875,-0.984375,0.046875
2016-04-22 13:18:56.306,-0.21875,-1.0,0.046875
2016-04-22 13:18:56.316,-0.21875,-1.0,0.046875
2016-04-22 13:18:56.326,-0.203125,-1.0,0.046875
2016-04-22 13:18:56.336,-0.203125,-0.984375,0.046875
2016-04-22 13:18:56.347,-0.203125,-0.984375,0.046875
2016-04-22 13:18:56.357,-0.203125,-1.0,0.046875
2016-04-22 13:18:56.367,-0.203125,-1.015625,0.046875
2016-04-22 13:18:56.377,-0.203125,-1.015625,0.046875
2016-04-22 13:18:56.388,-0.203125,-1.0,0.046875
2016-04-22 13:18:56.398,-0.1875,-1.015625,0.03125
2016-04-22 13:18:56.408,-0.203125,-1.015625,0.046875
2016-04-22 13:18:56.418,-0.1875,-1.015625,0.046875
2016-04-22 13:18:56.429,-0.203125,-1.0,0.046875
2016-04-22 13:18:56.439,-0.203125,-1.0,0.046875
2016-04-22 13:18:56.449,-0.1875,-1.0,0.046875
2016-04-22 13:18:56.459,-0.1875,-1.0,0.046875
2016-04-22 13:18:56.470,-0.1875,-1.0,0.046875
2016-04-22 13:18:56.480,-0.1875,-0.984375,0.046875
2016-04-22 13:18:56.490,-0.1875,-0.984375,0.046875
2016-04-22 13:18:56.500,-0.203125,-0.984375,0.046875
2016-04-22 13:18:56.511,-0.203125,-0.984375,0.03125
2016-04-22 13:18:56.521,-0.203125,-0.984375,0.03125
2016-04-22 13:18:56.531,-0.21875,-0.984375,0.03125
2016-04-22 13:18:56.541,-0.21875,-0.984375,0.015625
2016-04-22 13:18:56.552,-0.203125,-0.984375,0.03125
2016-04-22 13:18:56.562,-0.203125,-0.984375,0.03125
2016-04-22 13:18:56.572,-0.203125,-0.96875,0.03125
2016-04-22 13:18:56.583,-0.203125,-0.96875,0.046875
2016-04-22 13:18:56.593,-0.203125,-0.96875,0.03125
2016-04-22 13:18:56.603,-0.203125,-0.96875,0.03125
2016-04-22 13:18:56.613,-0.203125,-0.96875,0.03125
2016-04-22 13:18:56.624,-0.21875,-0.96875,0.03125
2016-04-22 13:18:56.634,-0.21875,-0.96875,0.046875
2016-04-22 13:18:56.644,-0.21875,-0.984375,0.0625
2016-04-22 13:18:56.654,-0.203125,-0.984375,0.0625
2016-04-22 13:18:56.665,-0.21875,-0.984375,0.0625
2016-04-22 13:18:56.675,-0.21875,-0.984375,0.046875
2016-04-22 13:18:56.685,-0.234375,-0.984375,0.046875
2016-04-22 13:18:56.695,-0.234375,-0.984375,0.0625
2016-04-22 13:18:56.706,-0.234375,-0.984375,0.078125
2016-04-22 13:18:56.716,-0.234375,-0.984375,0.09375
2016-04-22 13:18:56.726,-0.21875,-1.0,0.109375
2016-04-22 13:18:56.736,-0.21875,-1.015625,0.09375
2016-04-22 13:18:56.747,-0.21875,-1.03125,0.109375
2016-04-22 13:18:56.757,-0.21875,-1.046875,0.09375
2016-04-22 13:18:56.767,-0.234375,-1.0625,0.09375
2016-04-22 13:18:56.777,-0.234375,-1.0625,0.09375
2016-04-22 13:18:56.787,-0.234375,-1.09375,0.109375
2016-04-22 13:18:56.798,-0.234375,-1.109375,0.125
2016-04-22 13:18:56.808,-0.234375,-1.109375,0.125
2016-04-22 13:18:56.818,-0.234375,-1.109375,0.125
2016-04-22 13:18:56.828,-0.21875,-1.109375,0.109375
2016-04-22 13:18:56.839,-0.21875,-1.109375,0.125
2016-04-22 13:18:56.849,-0.21875,-1.109375,0.125
2016-04-22 13:18:56.859,-0.21875,-1.109375,0.109375
2016-04-22 13:18:56.869,-0.203125,-1.109375,0.109375
2016-04-22 13:18:56.880,-0.203125,-1.09375,0.125
2016-04-22 13:18:56.890,-0.1875,-1.09375,0.109375
2016-04-22 13:18:56.900,-0.1875,-1.078125,0.109375
2016-04-22 13:18:56.910,-0.1875,-1.078125,0.125
2016-04-22 13:18:56.921,-0.1875,-1.078125,0.125
2016-04-22 13:18:56.931,-0.1875,-1.09375,0.109375
2016-04-22 13:18:56.941,-0.203125,-1.078125,0.09375
2016-04-22 13:18:56.951,-0.203125,-1.078125,0.09375
2016-04-22 13:18:56.962,-0.203125,-1.09375,0.09375
2016-04-22 13:18:56.972,-0.203125,-1.09375,0.109375
2016-04-22 13:18:56.982,-0.203125,-1.109375,0.125
2016-04-22 13:18:56.993,-0.1875,-1.109375,0.125
2016-04-22 13:18:57.003,-0.1875,-1.09375,0.125
2016-04-22 13:18:57.013,-0.1875,-1.09375,0.140625
2016-04-22 13:18:57.023,-0.171875,-1.078125,0.15625
2016-04-22 13:18:57.034,-0.15625,-1.0625,0.171875
2016-04-22 13:18:57.044,-0.15625,-1.046875,0.171875
2016-04-22 13:18:57.054,-0.15625,-1.03125,0.15625
2016-04-22 13:18:57.064,-0.15625,-1.0,0.15625
2016-04-22 13:18:57.075,-0.15625,-1.0,0.171875
2016-04-22 13:18:57.085,-0.15625,-0.984375,0.171875
2016-04-22 13:18:57.095,-0.15625,-0.953125,0.171875
2016-04-22 13:18:57.105,-0.15625,-0.9375,0.171875
2016-04-22 13:18:57.116,-0.171875,-0.921875,0.15625
2016-04-22 13:18:57.126,-0.171875,-0.90625,0.15625
2016-04-22 13:18:57.136,-0.171875,-0.90625,0.15625
2016-04-22 13:18:57.146,-0.171875,-0.90625,0.15625
2016-04-22 13:18:57.157,-0.171875,-0.90625,0.171875
2016-04-22 13:18:57.167,-0.171875,-0.90625,0.171875
2016-04-22 13:18:57.177,-0.171875,-0.921875,0.171875
2016-04-22 13:18:57.187,-0.1875,-0.921875,0.171875
2016-04-22 13:18:57.197,-0.171875,-0.921875,0.171875
2016-04-22 13:18:57.208,-0.171875,-0.9375,0.171875
2016-04-22 13:18:57.218,-0.1875,-0.9375,0.171875
2016-04-22 13:18:57.228,-0.1875,-0.9375,0.171875
2016-04-22 13:18:57.238,-0.1875,-0.9375,0.171875
2016-04-22 13:18:57.249,-0.1875,-0.9375,0.171875
2016-04-22 13:18:57.259,-0.1875,-0.9375,0.171875
2016-04-22 13:18:57.269,-0.1875,-0.953125,0.1875
2016-04-22 13:18:57.279,-0.1875,-0.953125,0.171875
2016-04-22 13:18:57.290,-0.203125,-0.96875,0.171875
2016-04-22 13:18:57.300,-0.203125,-0.984375,0.171875
2016-04-22 13:18:57.310,-0.21875,-0.984375,0.15625
2016-04-22 13:18:57.320,-0.21875,-1.0,0.171875
2016-04-22 13:18:57.330,-0.21875,-1.0,0.171875
2016-04-22 13:18:57.340,-0.21875,-1.0,0.1875
2016-04-22 13:18:57.351,-0.234375,-1.0,0.1875
2016-04-22 13:18:57.361,-0.21875,-1.0,0.1875
2016-04-22 13:18:57.371,-0.21875,-1.0,0.1875
2016-04-22 13:18:57.381,-0.21875,-1.0,0.1875
2016-04-22 13:18:57.391,-0.234375,-0.984375,0.1875
2016-04-22 13:18:57.402,-0.234375,-0.984375,0.171875
2016-04-22 13:18:57.412,-0.234375,-0.96875,0.1875
2016-04-22 13:18:57.422,-0.234375,-0.96875,0.1875
2016-04-22 13:18:57.432,-0.21875,-0.953125,0.203125
2016-04-22 13:18:57.442,-0.21875,-0.953125,0.203125
2016-04-22 13:18:57.452,-0.21875,-0.953125,0.203125
2016-04-22 13:18:57.463,-0.21875,-0.953125,0.1875
2016-04-22 13:18:57.473,-0.21875,-0.9375,0.171875
2016-04-22 13:18:57.483,-0.234375,-0.9375,0.15625
2016-04-22 13:18:57.493,-0.234375,-0.9375,0.15625
2016-04-22 13:18:57.503,-0.234375,-0.953125,0.171875
2016-04-22 13:18:57.513,-0.234375,-0.953125,0.171875
2016-04-22 13:18:57.523,-0.234375,-0.96875,0.1875
2016-04-22 13:18:57.534,-0.21875,-0.984375,0.171875
2016-04-22 13:18:57.544,-0.21875,-1.0,0.1875
2016-04-22 13:18:57.554,-0.234375,-1.0,0.171875
2016-04-22 13:18:57.564,-0.25,-1.015625,0.1875
2016-04-22 13:18:57.574,-0.25,-1.046875,0.1875
2016-04-22 13:18:57.584,-0.28125,-1.078125,0.203125
2016-04-22 13:18:57.595,-0.3125,-1.109375,0.21875
2016-04-22 13:18:57.605,-0.34375,-1.125,0.234375
2016-04-22 13:18:57.615,-0.34375,-1.125,0.203125
2016-04-22 13:18:57.625,-0.328125,-1.09375,0.171875
2016-04-22 13:18:57.635,-0.328125,-1.0625,0.140625
2016-04-22 13:18:57.645,-0.34375,-1.0625,0.140625
2016-04-22 13:18:57.656,-0.328125,-1.0625,0.125
2016-04-22 13:18:57.666,-0.328125,-1.0625,0.125
2016-04-22 13:18:57.676,-0.3125,-1.078125,0.125
2016-04-22 13:18:57.686,-0.3125,-1.109375,0.140625
2016-04-22 13:18:57.696,-0.328125,-1.15625,0.15625
2016-04-22 13:18:57.707,-0.328125,-1.1875,0.140625
2016-04-22 13:18:57.717,-0.34375,-1.203125,0.125
2016-04-22 13:18:57.727,-0.34375,-1.234375,0.109375
2016-04-22 13:18:57.737,-0.359375,-1.25,0.109375
2016-04-22 13:18:57.747,-0.390625,-1.25,0.125
2016-04-22 13:18:57.757,-0.40625,-1.265625,0.15625
2016-04-22 13:18:57.768,-0.4375,-1.265625,0.1875
2016-04-22 13:18:57.778,-0.4375,-1.25,0.1875
2016-04-22 13:18:57.788,-0.421875,-1.203125,0.15625
2016-04-22 13:18:57.798,-0.421875,-1.140625,0.109375
2016-04-22 13:18:57.808,-0.40625,-1.09375,0.0625
2016-04-22 13:18:57.818,-0.390625,-1.03125,0.015625
2016-04-22 13:18:57.828,-0.421875,-1.0,0.0
2016-04-22 13:18:57.839,-0.5,-0.984375,0.015625
2016-04-22 13:18:57.849,-0.53125,-1.015625,0.03125
2016-04-22 13:18:57.859,-0.546875,-1.03125,0.03125
2016-04-22 13:18:57.869,-0.53125,-1.015625,0.015625
2016-04-22 13:18:57.879,-0.515625,-0.96875,0.015625
2016-04-22 13:18:57.889,-0.5,-0.90625,0.0
2016-04-22 13:18:57.900,-0.46875,-0.859375,0.03125
2016-04-22 13:18:57.910,-0.46875,-0.8125,0.078125
2016-04-22 13:18:57.920,-0.453125,-0.8125,0.109375
2016-04-22 13:18:57.930,-0.421875,-0.796875,0.109375
2016-04-22 13:18:57.940,-0.375,-0.75,0.09375
2016-04-22 13:18:57.951,-0.34375,-0.703125,0.078125
2016-04-22 13:18:57.961,-0.296875,-0.671875,0.0625
2016-04-22 13:18:57.971,-0.296875,-0.65625,0.078125
2016-04-22 13:18:57.981,-0.3125,-0.65625,0.078125
2016-04-22 13:18:57.991,-0.3125,-0.6875,0.09375
2016-04-22 13:18:58.001,-0.3125,-0.703125,0.09375
2016-04-22 13:18:58.012,-0.296875,-0.6875,0.09375
2016-04-22 13:18:58.022,-0.296875,-0.671875,0.09375
2016-04-22 13:18:58.032,-0.296875,-0.65625,0.109375
2016-04-22 13:18:58.042,-0.3125,-0.640625,0.09375
2016-04-22 13:18:58.052,-0.328125,-0.640625,0.125
2016-04-22 13:18:58.062,-0.3125,-0.671875,0.140625
2016-04-22 13:18:58.072,-0.296875,-0.71875,0.15625
2016-04-22 13:18:58.083,-0.28125,-0.71875,0.15625
2016-04-22 13:18:58.093,-0.25,-0.734375,0.15625
2016-04-22 13:18:58.103,-0.21875,-0.75,0.140625
2016-04-22 13:18:58.113,-0.171875,-0.765625,0.140625
2016-04-22 13:18:58.123,-0.15625,-0.78125,0.125
2016-04-22 13:18:58.133,-0.109375,-0.8125,0.09375
2016-04-22 13:18:58.144,-0.078125,-0.859375,0.0625
